{
	"name": "Ubuntu",
	"build": {
		"dockerfile": "Dockerfile",
		// Update 'VARIANT' to pick an Ubuntu version: jammy / ubuntu-22.04, focal / ubuntu-20.04, bionic /ubuntu-18.04
		// Use ubuntu-22.04 or ubuntu-18.04 on local arm64/Apple Silicon.
		"args": { "VARIANT": "ubuntu-22.04" }
	},

	"extensions": [
		"Dart-Code.flutter",
		"alexisvt.flutter-snippets",
		"lizebang.bash-extension-pack",
		"shakram02.bash-beautify"
	],

    
	// Use 'forwardPorts' to make a list of ports inside the container available locally.
	// "forwardPorts": [],

	// Use 'postCreateCommand' to run commands after the container is created.
	// "postCreateCommand": "uname -a",

	// Comment out to connect as root instead. More info: https://aka.ms/vscode-remote/containers/non-root.
	"remoteUser": "vscode"
}
